<annotation>
	<folder>images</folder>
	<filename>apple (69).jpg</filename>
	<path>C:\Users\Moses Olafenwa\Documents\AI\Custom Datasets\- Apples\DIST\images\apple (69).jpg</path>
	<source>
		<database>Unknown</database>
	</source>
	<size>
		<width>266</width>
		<height>190</height>
		<depth>3</depth>
	</size>
	<segmented>0</segmented>
	<object>
		<name>apple</name>
		<pose>Unspecified</pose>
		<truncated>0</truncated>
		<difficult>0</difficult>
		<bndbox>
			<xmin>60</xmin>
			<ymin>30</ymin>
			<xmax>140</xmax>
			<ymax>104</ymax>
		</bndbox>
	</object>
	<object>
		<name>apple</name>
		<pose>Unspecified</pose>
		<truncated>0</truncated>
		<difficult>0</difficult>
		<bndbox>
			<xmin>89</xmin>
			<ymin>72</ymin>
			<xmax>183</xmax>
			<ymax>157</ymax>
		</bndbox>
	</object>
	<object>
		<name>apple</name>
		<pose>Unspecified</pose>
		<truncated>0</truncated>
		<difficult>0</difficult>
		<bndbox>
			<xmin>143</xmin>
			<ymin>31</ymin>
			<xmax>211</xmax>
			<ymax>104</ymax>
		</bndbox>
	</object>
</annotation>
