<annotation>
	<folder>images</folder>
	<filename>apple (21).jpg</filename>
	<path>C:\Users\Moses Olafenwa\Documents\AI\Custom Datasets\- Apples\DIST\images\apple (21).jpg</path>
	<source>
		<database>Unknown</database>
	</source>
	<size>
		<width>267</width>
		<height>189</height>
		<depth>3</depth>
	</size>
	<segmented>0</segmented>
	<object>
		<name>apple</name>
		<pose>Unspecified</pose>
		<truncated>0</truncated>
		<difficult>0</difficult>
		<bndbox>
			<xmin>30</xmin>
			<ymin>29</ymin>
			<xmax>132</xmax>
			<ymax>122</ymax>
		</bndbox>
	</object>
	<object>
		<name>apple</name>
		<pose>Unspecified</pose>
		<truncated>0</truncated>
		<difficult>0</difficult>
		<bndbox>
			<xmin>133</xmin>
			<ymin>35</ymin>
			<xmax>244</xmax>
			<ymax>148</ymax>
		</bndbox>
	</object>
	<object>
		<name>damaged_apple</name>
		<pose>Unspecified</pose>
		<truncated>0</truncated>
		<difficult>0</difficult>
		<bndbox>
			<xmin>41</xmin>
			<ymin>73</ymin>
			<xmax>169</xmax>
			<ymax>172</ymax>
		</bndbox>
	</object>
</annotation>
