<annotation>
	<folder>images</folder>
	<filename>damaged_apple (36).jpg</filename>
	<path>C:\Users\Moses Olafenwa\Documents\AI\Custom Datasets\- Apples\DIST\images\damaged_apple (36).jpg</path>
	<source>
		<database>Unknown</database>
	</source>
	<size>
		<width>272</width>
		<height>186</height>
		<depth>3</depth>
	</size>
	<segmented>0</segmented>
	<object>
		<name>damaged_apple</name>
		<pose>Unspecified</pose>
		<truncated>0</truncated>
		<difficult>0</difficult>
		<bndbox>
			<xmin>9</xmin>
			<ymin>21</ymin>
			<xmax>133</xmax>
			<ymax>173</ymax>
		</bndbox>
	</object>
	<object>
		<name>damaged_apple</name>
		<pose>Unspecified</pose>
		<truncated>0</truncated>
		<difficult>0</difficult>
		<bndbox>
			<xmin>147</xmin>
			<ymin>29</ymin>
			<xmax>260</xmax>
			<ymax>173</ymax>
		</bndbox>
	</object>
</annotation>
