<annotation>
	<folder>images</folder>
	<filename>damaged_apple (200).jpg</filename>
	<path>C:\Users\Moses Olafenwa\Documents\AI\Custom Datasets\- Apples\DIST\images\damaged_apple (200).jpg</path>
	<source>
		<database>Unknown</database>
	</source>
	<size>
		<width>275</width>
		<height>183</height>
		<depth>3</depth>
	</size>
	<segmented>0</segmented>
	<object>
		<name>damaged_apple</name>
		<pose>Unspecified</pose>
		<truncated>0</truncated>
		<difficult>0</difficult>
		<bndbox>
			<xmin>19</xmin>
			<ymin>61</ymin>
			<xmax>76</xmax>
			<ymax>146</ymax>
		</bndbox>
	</object>
	<object>
		<name>damaged_apple</name>
		<pose>Unspecified</pose>
		<truncated>0</truncated>
		<difficult>0</difficult>
		<bndbox>
			<xmin>68</xmin>
			<ymin>57</ymin>
			<xmax>167</xmax>
			<ymax>154</ymax>
		</bndbox>
	</object>
	<object>
		<name>damaged_apple</name>
		<pose>Unspecified</pose>
		<truncated>0</truncated>
		<difficult>0</difficult>
		<bndbox>
			<xmin>204</xmin>
			<ymin>42</ymin>
			<xmax>269</xmax>
			<ymax>104</ymax>
		</bndbox>
	</object>
</annotation>
