<annotation>
	<folder>images</folder>
	<filename>damaged_apple (192).jpg</filename>
	<path>C:\Users\Moses Olafenwa\Documents\AI\Custom Datasets\- Apples\DIST\images\damaged_apple (192).jpg</path>
	<source>
		<database>Unknown</database>
	</source>
	<size>
		<width>283</width>
		<height>178</height>
		<depth>3</depth>
	</size>
	<segmented>0</segmented>
	<object>
		<name>damaged_apple</name>
		<pose>Unspecified</pose>
		<truncated>0</truncated>
		<difficult>0</difficult>
		<bndbox>
			<xmin>114</xmin>
			<ymin>62</ymin>
			<xmax>213</xmax>
			<ymax>158</ymax>
		</bndbox>
	</object>
	<object>
		<name>damaged_apple</name>
		<pose>Unspecified</pose>
		<truncated>0</truncated>
		<difficult>0</difficult>
		<bndbox>
			<xmin>202</xmin>
			<ymin>59</ymin>
			<xmax>269</xmax>
			<ymax>151</ymax>
		</bndbox>
	</object>
</annotation>
