<annotation>
	<folder>images</folder>
	<filename>damaged_apple (171).jpg</filename>
	<path>C:\Users\Moses Olafenwa\Documents\AI\Custom Datasets\- Apples\DIST\images\damaged_apple (171).jpg</path>
	<source>
		<database>Unknown</database>
	</source>
	<size>
		<width>275</width>
		<height>183</height>
		<depth>3</depth>
	</size>
	<segmented>0</segmented>
	<object>
		<name>damaged_apple</name>
		<pose>Unspecified</pose>
		<truncated>0</truncated>
		<difficult>0</difficult>
		<bndbox>
			<xmin>49</xmin>
			<ymin>94</ymin>
			<xmax>111</xmax>
			<ymax>153</ymax>
		</bndbox>
	</object>
	<object>
		<name>damaged_apple</name>
		<pose>Unspecified</pose>
		<truncated>0</truncated>
		<difficult>0</difficult>
		<bndbox>
			<xmin>111</xmin>
			<ymin>92</ymin>
			<xmax>182</xmax>
			<ymax>161</ymax>
		</bndbox>
	</object>
	<object>
		<name>damaged_apple</name>
		<pose>Unspecified</pose>
		<truncated>0</truncated>
		<difficult>0</difficult>
		<bndbox>
			<xmin>174</xmin>
			<ymin>108</ymin>
			<xmax>241</xmax>
			<ymax>165</ymax>
		</bndbox>
	</object>
	<object>
		<name>damaged_apple</name>
		<pose>Unspecified</pose>
		<truncated>0</truncated>
		<difficult>0</difficult>
		<bndbox>
			<xmin>162</xmin>
			<ymin>83</ymin>
			<xmax>226</xmax>
			<ymax>115</ymax>
		</bndbox>
	</object>
</annotation>
