<annotation>
	<folder>images</folder>
	<filename>damaged_apple (40).jpg</filename>
	<path>C:\Users\Moses Olafenwa\Documents\AI\Custom Datasets\- Apples\DIST\images\damaged_apple (40).jpg</path>
	<source>
		<database>Unknown</database>
	</source>
	<size>
		<width>319</width>
		<height>158</height>
		<depth>3</depth>
	</size>
	<segmented>0</segmented>
	<object>
		<name>damaged_apple</name>
		<pose>Unspecified</pose>
		<truncated>0</truncated>
		<difficult>0</difficult>
		<bndbox>
			<xmin>11</xmin>
			<ymin>31</ymin>
			<xmax>116</xmax>
			<ymax>148</ymax>
		</bndbox>
	</object>
	<object>
		<name>damaged_apple</name>
		<pose>Unspecified</pose>
		<truncated>0</truncated>
		<difficult>0</difficult>
		<bndbox>
			<xmin>119</xmin>
			<ymin>30</ymin>
			<xmax>205</xmax>
			<ymax>138</ymax>
		</bndbox>
	</object>
	<object>
		<name>damaged_apple</name>
		<pose>Unspecified</pose>
		<truncated>0</truncated>
		<difficult>0</difficult>
		<bndbox>
			<xmin>211</xmin>
			<ymin>39</ymin>
			<xmax>309</xmax>
			<ymax>147</ymax>
		</bndbox>
	</object>
</annotation>
