<annotation>
	<folder>images</folder>
	<filename>damaged_apple (229).jpg</filename>
	<path>C:\Users\Moses Olafenwa\Documents\AI\Custom Datasets\- Apples\DIST\images\damaged_apple (229).jpg</path>
	<source>
		<database>Unknown</database>
	</source>
	<size>
		<width>275</width>
		<height>183</height>
		<depth>3</depth>
	</size>
	<segmented>0</segmented>
	<object>
		<name>apple</name>
		<pose>Unspecified</pose>
		<truncated>0</truncated>
		<difficult>0</difficult>
		<bndbox>
			<xmin>123</xmin>
			<ymin>41</ymin>
			<xmax>181</xmax>
			<ymax>110</ymax>
		</bndbox>
	</object>
	<object>
		<name>apple</name>
		<pose>Unspecified</pose>
		<truncated>0</truncated>
		<difficult>0</difficult>
		<bndbox>
			<xmin>160</xmin>
			<ymin>85</ymin>
			<xmax>211</xmax>
			<ymax>142</ymax>
		</bndbox>
	</object>
	<object>
		<name>damaged_apple</name>
		<pose>Unspecified</pose>
		<truncated>0</truncated>
		<difficult>0</difficult>
		<bndbox>
			<xmin>56</xmin>
			<ymin>59</ymin>
			<xmax>119</xmax>
			<ymax>123</ymax>
		</bndbox>
	</object>
	<object>
		<name>damaged_apple</name>
		<pose>Unspecified</pose>
		<truncated>0</truncated>
		<difficult>0</difficult>
		<bndbox>
			<xmin>100</xmin>
			<ymin>102</ymin>
			<xmax>166</xmax>
			<ymax>171</ymax>
		</bndbox>
	</object>
</annotation>
